Institution,Latitude,Longitude
McGill University,45.5047847,-73.5771511
Duke University,36.0014258,-78.9382286
University of Florida,29.6436325,-82.3549302
Tufts University,42.4085371,-71.1182729
"IIT Indore, India",22.6758996,75.8783118
University College London,51.5245592,-0.1340401
Columbia University,40.8075355,-73.9625727
USC,34.0223519,-118.285117
UCSB,34.4139629,-119.848947
MOVES European Joint Doctorate (University of Kent and Freie Universität Berlin),52.4543245,13.2934768
Brown University,41.8267718,-71.4025482
New School for Social Research,40.7369978,-73.9922508
Jadavpur University,22.4966896,88.3713127
SUNY Binghamton University,42.0894288,-75.9694885
Temple University,39.9805942,-75.1557376
Tulane University,29.9407282,-90.1203167
UC Berkeley,37.8718992,-122.2585399
Iowa State University,42.0266573,-93.6464516
University of Arkansas,36.0686895,-94.1748471
UC Berkeley,37.8718992,-122.2585399
UC San Diego,32.8800604,-117.2340135
Indiana University,39.1784384,-86.5133166
University of East Anglia,52.6219215,1.2391761
Brandeis University,42.3657375,-71.2585661
University of Illinois,40.1019523,-88.2271615
University of Lagos,6.515759,3.3898447
"University of Maryland, Baltimore County",39.2542822,-76.7100102
MIT,42.360091,-71.09416
Institute of Southeast Asian Studies (ISEAS)-Yusof Ishak Institute,1.2914943,103.776784