[
 {
   "Institution": "McGill University",
   "Latitude": 45.5047847,
   "Longitude": -73.5771511
 },
 {
   "Institution": "Duke University",
   "Latitude": 36.0014258,
   "Longitude": -78.9382286
 },
 {
   "Institution": "University of Florida",
   "Latitude": 29.6436325,
   "Longitude": -82.3549302
 },
 {
   "Institution": "Tufts University",
   "Latitude": 42.4085371,
   "Longitude": -71.1182729
 },
 {
   "Institution": "IIT Indore, India",
   "Latitude": 22.6758996,
   "Longitude": 75.8783118
 },
 {
   "Institution": "University College London",
   "Latitude": 51.5245592,
   "Longitude": -0.1340401
 },
 {
   "Institution": "Columbia University",
   "Latitude": 40.8075355,
   "Longitude": -73.9625727
 },
 {
   "Institution": "USC",
   "Latitude": 34.0223519,
   "Longitude": -118.285117
 },
 {
   "Institution": "UCSB",
   "Latitude": 34.4139629,
   "Longitude": -119.848947
 },
 {
   "Institution": "MOVES European Joint Doctorate (University of Kent and Freie Universität Berlin)",
   "Latitude": 52.4543245,
   "Longitude": 13.2934768
 },
 {
   "Institution": "Brown University",
   "Latitude": 41.8267718,
   "Longitude": -71.4025482
 },
 {
   "Institution": "New School for Social Research",
   "Latitude": 40.7369978,
   "Longitude": -73.9922508
 },
 {
   "Institution": "Jadavpur University",
   "Latitude": 22.4966896,
   "Longitude": 88.3713127
 },
 {
   "Institution": "SUNY Binghamton University",
   "Latitude": 42.0894288,
   "Longitude": -75.9694885
 },
 {
   "Institution": "Temple University",
   "Latitude": 39.9805942,
   "Longitude": -75.1557376
 },
 {
   "Institution": "Tulane University",
   "Latitude": 29.9407282,
   "Longitude": -90.1203167
 },
 {
   "Institution": "UC Berkeley",
   "Latitude": 37.8718992,
   "Longitude": -122.2585399
 },
 {
   "Institution": "Iowa State University",
   "Latitude": 42.0266573,
   "Longitude": -93.6464516
 },
 {
   "Institution": "University of Arkansas",
   "Latitude": 36.0686895,
   "Longitude": -94.1748471
 },
 {
   "Institution": "UC Berkeley",
   "Latitude": 37.8718992,
   "Longitude": -122.2585399
 },
 {
   "Institution": "UC San Diego",
   "Latitude": 32.8800604,
   "Longitude": -117.2340135
 },
 {
   "Institution": "Indiana University",
   "Latitude": 39.1784384,
   "Longitude": -86.5133166
 },
 {
   "Institution": "University of East Anglia",
   "Latitude": 52.6219215,
   "Longitude": 1.2391761
 },
 {
   "Institution": "Brandeis University",
   "Latitude": 42.3657375,
   "Longitude": -71.2585661
 },
 {
   "Institution": "University of Illinois",
   "Latitude": 40.1019523,
   "Longitude": -88.2271615
 },
 {
   "Institution": "University of Lagos",
   "Latitude": 6.515759,
   "Longitude": 3.3898447
 },
 {
   "Institution": "University of Maryland, Baltimore County",
   "Latitude": 39.2542822,
   "Longitude": -76.7100102
 },
 {
   "Institution": "MIT",
   "Latitude": 42.360091,
   "Longitude": -71.09416
 },
 {
   "Institution": "Institute of Southeast Asian Studies (ISEAS)-Yusof Ishak Institute",
   "Latitude": 1.2914943,
   "Longitude": 103.776784
 }
]